Symbol,Name,Last Sale,Net Change,% Change,Market Cap,Country,IPO Year,Volume,Sector,Industry
ACCS,ACCESS Newswire Inc. Common Stock,$9.40,-0.2999,-3.092%,36039384.00,United States,,4997,Consumer Discretionary,Publishing
ACU,Acme United Corporation. Common Stock,$37.31,-0.52,-1.375%,139593611.00,United States,1988,3650,Consumer Discretionary,Industrial Machinery/Components
AEF,abrdn Emerging Markets ex-China Fund Inc. Common Stock,$5.12,-0.02,-0.389%,549696000.00,United States,,522448,Finance,Finance/Investors Services
AEON,AEON Biopharma Inc. Class A Common Stock,$0.6601,-0.0499,-7.028%,733176.00,United States,,2900663,Health Care,Biotechnology: Pharmaceutical Preparations
AIM,AIM ImmunoTech Inc. Common Stock,$0.133,-0.0013,-0.968%,8472957.00,United States,1997,686779,Health Care,Biotechnology: Biological Products (No Diagnostic Substances)
AIRI,Air Industries Group Common Stock,$3.98,-0.02,-0.50%,13365314.00,United States,,18631,Industrials,Military/Government/Technical
AMBI,Ambipar Emergency Response Class A Ordinary Shares,$3.95,-0.03,-0.754%,218947911.00,,,35877,Industrials,Environmental Services
AMBO,Ambow Education Holding Ltd. American Depository Shares (each representing twenty (20) Class A Ordinary Shares),$2.29,-0.03,-1.293%,6541101.00,China,,51579,Real Estate,Other Consumer Services
AMS,American Shared Hospital Services Common Stock,$2.7475,-0.0125,-0.453%,17638950.00,United States,1988,9420,Health Care,Medical Specialities
APT,Alpha Pro Tech Ltd. Common Stock,$5.28,-0.06,-1.124%,58073136.00,Canada,2000,14516,Health Care,Industrial Specialties
AREN,The Arena Group Holdings Inc. Common Stock,$1.60,0.07,4.575%,75945198.00,United States,2022,17269,Technology,EDP Services
ARMN,Aris Mining Corporation Common Shares,$3.96,-0.10,-2.463%,674431726.00,,2023,297959,,
ARMP,Armata Pharmaceuticals Inc. Common Stock,$2.023,-0.077,-3.667%,73198345.00,United States,,10340,Health Care,Biotechnology: Biological Products (No Diagnostic Substances)
ASM,Avino Silver & Gold Mines Ltd. Common Shares (Canada),$1.37,0.05,3.788%,185093579.00,Canada,,1740065,Basic Materials,Metal Mining
ATCH,AtlasClear Holdings Inc. Common Stock,$1.39,-0.19,-12.025%,1668988.00,,2024,487396,Finance,Finance: Consumer Services
ATNM,Actinium Pharmaceuticals Inc. (Delaware) Common Stock,$1.14,0.00,0.00%,35563316.00,United States,,59041,Health Care,Biotechnology: Pharmaceutical Preparations
AUST,Austin Gold Corp. Common Shares,$1.38,0.05,3.759%,18315015.00,,2022,25429,Basic Materials,Precious Metals
AWX,Avalon Holdings Corporation Common Stock,$3.11,-0.07,-2.201%,12127230.00,United States,1998,7701,Utilities,Environmental Services
AXIL,AXIL Brands Inc. Common Stock,$6.90,0.10,1.471%,44621279.00,,2024,5164,Consumer Discretionary,Package Goods/Cosmetics
AZTR,Azitra Inc Common Stock,$0.35,0.02,6.061%,5242774.00,,2023,239868,Health Care,Biotechnology: Pharmaceutical Preparations
BATL,Battalion Oil Corporation Common Stock,$1.46,0.02,1.389%,24026582.00,United States,,2536,Energy,Oil & Gas Production
BCV,Bancroft Fund Ltd.,$17.8696,0.0196,0.11%,0.00,United States,1972,13728,Finance,Finance/Investors Services
BCV^A,Bancroft Fund Limited 5.375% Series A Cumulative Preferred Shares,$22.4919,0.0919,0.41%,,United States,,1958,,
BDL,Flanigan's Enterprises Inc. Common Stock,$24.30,-1.19,-4.668%,45165122.00,United States,1972,492,Consumer Discretionary,Restaurants
BEEP,Mobile Infrastructure Corporation Common Stock,$3.58,0.11,3.17%,150002000.00,,2023,27968,Finance,Blank Checks
BGI,Birks Group Inc. Common Stock,$1.22,-0.005,-0.408%,23382482.00,Canada,,213846,Consumer Discretionary,Consumer Specialties
BHB,Bar Harbor Bankshares Inc. Common Stock,$30.78,0.00,0.00%,469944608.00,United States,1997,26968,Finance,Major Banks
BHM,Bluerock Homes Trust Inc. Class A Common Stock,$11.90,0.00,0.00%,47152655.00,,2022,5072,Real Estate,Real Estate Investment Trusts
BKTI,BK Technologies Corporation Common Stock,$28.41,0.77,2.786%,101232643.00,United States,,17922,Technology,Radio And Television Broadcasting And Communications Equipment
BQ,Boqii Holding Limited American Depositary Shares (each representing one hundred fifty (150) Class A Ordinary Shares),$2.80,-0.13,-4.437%,3000284.00,,,2217,Consumer Discretionary,Other Specialty Stores
BRBS,Blue Ridge Bankshares Inc. Common Stock,$3.43,0.01,0.292%,252160381.00,United States,,433990,Finance,Major Banks
BRIA,BrilliA Inc Class A Ordinary Shares,$2.9019,-0.0281,-0.959%,88870688.00,,2024,42770,Consumer Discretionary,Apparel
BRN,Barnwell Industries Inc. Common Stock,$1.44,0.075,5.495%,14477089.00,United States,1965,18292,Energy,Oil & Gas Production
BTG,B2Gold Corp Common shares (Canada),$2.68,-0.06,-2.19%,3512938399.00,Canada,,34106466,Basic Materials,Precious Metals
BTTR,Better Choice Company Inc. Common Stock,$1.66,-0.04,-2.353%,3209011.00,,2021,51877,Consumer Staples,Beverages (Production/Distribution)
BURU,Nuburu Inc. Common Stock,$0.1905,-0.0165,-7.971%,3559860.00,United States,,9006575,Miscellaneous,Industrial Machinery/Components
CANF,Can-Fite Biopharma Ltd Sponsored ADR (Israel),$1.58,-0.02,-1.25%,8800600.00,Israel,,32662,Health Care,Biotechnology: Pharmaceutical Preparations
CATX,Perspective Therapeutics Inc. Common Stock,$2.61,-0.09,-3.333%,176403479.00,United States,,466490,Health Care,Medical/Dental Instruments
CCEL,Cryo-Cell International Inc. Common Stock,$7.1726,0.1426,2.028%,57970094.00,United States,2022,6845,Health Care,Misc Health and Biotechnology Services
CET,Central Securities Corporation Common Stock,$45.60,-0.2163,-0.472%,11036349120.00,United States,1951,56798,Finance,Finance/Investors Services
CEV,Eaton Vance California Municipal Income Trust Shares of Beneficial Interest,$10.2399,-0.0301,-0.293%,72023105.00,United States,1999,13403,Finance,Finance/Investors Services
CHEB,Chenghe Acquisition II Co. Class A Ordinary Shares,$10.215,-0.005,-0.049%,0.00,,2024,109832,,
CHRO,Channel Therapeutics Corporation Common Stock,$2.18,0.073,3.465%,13141064.00,,2024,8190,Health Care,Biotechnology: Biological Products (No Diagnostic Substances)
CIK,Credit Suisse Asset Management Income Fund Inc. Common Stock,$2.92,-0.03,-1.017%,0.00,United States,,1023222,Finance,Finance/Investors Services
CIX,CompX International Inc. Common Stock,$22.67,0.46,2.071%,279261687.00,United States,1998,16903,Consumer Discretionary,Industrial Machinery/Components
CKX,CKX Lands Inc. Common Stock,$12.0156,-0.0981,-0.81%,24356006.00,United States,2003,368,Energy,Oil & Gas Production
CLDI,Calidi Biotherapeutics Inc. Common Stock,$0.8505,0.0009,0.106%,11122858.00,,2021,309573,Health Care,Biotechnology: Biological Products (No Diagnostic Substances)
CLM,Cornerstone Strategic Investment Fund Inc. Common Shares,$7.90,-0.02,-0.253%,0.00,United States,2003,2278521,Finance,Finance/Investors Services
CMCL,Caledonia Mining Corporation Plc Common Shares,$10.65,-0.10,-0.93%,204352977.00,Canada,,58356,Basic Materials,Precious Metals
CMT,Core Molding Technologies Inc Common Stock,$13.76,0.16,1.176%,123225754.00,United States,1996,22049,Industrials,Plastic Products
CNL,Collective Mining Ltd. Common Shares,$6.66,-0.07,-1.04%,454530834.00,,2024,12253,,
COE,51Talk Online Education Group American depositary shares each representing 60 Class A ordinary shares,$19.20,1.21,6.726%,109856064.00,China,2016,14974,Real Estate,Other Consumer Services
COHN,Cohen & Company Inc.,$9.43,-0.0321,-0.339%,18389933.00,United States,,2307,Finance,Investment Bankers/Brokers/Service
CPHI,China Pharma Holdings Inc. Common Stock,$0.2297,0.003,1.323%,4422497.00,China,,542233,Health Care,Biotechnology: Pharmaceutical Preparations
CRF,Cornerstone Total Return Fund Inc. (The) Common Stock,$7.66,0.05,0.657%,0.00,United States,2003,785460,Finance,Finance/Investors Services
CTGO,Contango ORE Inc. Common Stock,$9.75,-0.01,-0.102%,119227670.00,United States,2021,61585,Basic Materials,Precious Metals
CTM,Castellum Inc. Common Stock,$1.22,-0.04,-3.175%,68454112.00,,2022,3470719,Consumer Discretionary,Professional Services
CVM,Cel-Sci Corporation Common Stock,$0.3467,0.0052,1.523%,26769241.00,United States,1997,264307,Health Care,Biotechnology: Biological Products (No Diagnostic Substances)
CVR,Chicago Rivet & Machine Co. Common Stock,$13.90,0.00,0.00%,13429235.00,United States,1930,2473,Industrials,Industrial Machinery/Components
CVU,CPI Aerostructures Inc. Common Stock,$3.65,0.06,1.671%,47452446.00,United States,2022,52447,Industrials,Military/Government/Technical
CYBN,Cybin Inc. Common Shares,$7.29,-0.17,-2.279%,145741024.00,Canada,,180501,Health Care,Biotechnology: Pharmaceutical Preparations
DC,Dakota Gold Corp. Common Stock,$3.04,-0.01,-0.328%,287068580.00,United States,2022,413506,Basic Materials,Metal Mining
DDC,DDC Enterprise Limited Class A Ordinary Shares,$0.2321,-0.0239,-9.336%,18481045.00,,2023,346508,Consumer Staples,Packaged Foods
DHY,Credit Suisse High Yield Bond Fund Common Stock,$2.16,0.01,0.465%,0.00,United States,1998,263532,Finance,Finance/Investors Services
DIT,AMCON Distributing Company Common Stock,$134.50,0.00,0.00%,86814639.00,United States,1999,108,Consumer Discretionary,Food Distributors
DMF,BNY Mellon Municipal Income Inc. Common Stock,$7.07,-0.03,-0.423%,440396338.00,United States,1988,33195,Finance,Finance/Investors Services
DMYY,dMY Squared Technology Group Inc. Class A Common Stock,$11.09,0.06,0.544%,0.00,,2022,77643,Finance,Blank Checks
DNN,Denison Mines Corp Ordinary Shares (Canada),$1.39,-0.04,-2.797%,1240394207.00,Canada,,65589437,Basic Materials,Other Metals and Minerals
DSS,DSS Inc. Common Stock,$0.91,0.0299,3.397%,6430763.00,United States,,15796,Consumer Discretionary,Containers/Packaging
DXF,Eason Technology Limited American Depositary Shares (each representing sixty-thousand (60000) Ordinary Shares),$7.00,-0.16,-2.235%,1746248.00,,,25675,Finance,Finance: Consumer Services
EAD,Allspring Income Opportunities Fund Common Shares,$6.89,-0.03,-0.434%,0.00,United States,2003,209782,Finance,Finance/Investors Services
ECF,Ellsworth Growth and Income Fund Ltd.,$9.36,0.02,0.214%,0.00,United States,1986,71051,Finance,Finance/Investors Services
ECF^A,Ellsworth Growth and Income Fund Ltd. 5.25% Series A Cumulative Preferred Shares (Liquidation Preference $25.00 per share),$21.95,-0.14,-0.634%,,United States,,870,,
EFSH,1847 Holdings LLC Common Shares,$0.14,0.0019,1.376%,2299581.00,,2022,431311,Consumer Discretionary,Professional Services
EIM,Eaton Vance Municipal Bond Fund Common Shares of Beneficial Interest $.01 par value,$10.13,-0.05,-0.491%,0.00,United States,2002,216029,Finance,Finance/Investors Services
ELA,Envela Corporation Common Stock,$5.93,-0.07,-1.167%,154155373.00,United States,,11190,Consumer Discretionary,Consumer Specialties
ELLO,Ellomay Capital Ltd Ordinary Shares (Israel),$16.40,0.00,0.00%,210782394.00,Israel,,271,Utilities,Electric Utilities: Central
ELMD,Electromed Inc. Common Stock,$25.43,0.72,2.914%,217600543.00,United States,2011,77762,Health Care,Biotechnology: Electromedical & Electrotherapeutic Apparatus
EMX,EMX Royalty Corporation Common Shares (Canada),$1.77,0.01,0.568%,195826005.00,Canada,,167096,Basic Materials,Metal Mining
ENX,Eaton Vance New York Municipal Bond Fund Common Shares of Beneficial Interest $.01 par value,$9.80,-0.015,-0.153%,0.00,United States,2002,46710,Finance,Finance/Investors Services
EONR,EON Resources Inc. Class A Common Stock,$0.45,-0.018,-3.846%,4407737.00,,2022,179883,Energy,Oil & Gas Production
EP,Empire Petroleum Corporation Common Stock,$6.81,0.04,0.591%,229034819.00,United States,2022,29786,Energy,Oil & Gas Production
EPM,Evolution Petroleum Corporation Inc. Common Stock,$4.90,0.08,1.66%,167844100.00,United States,,175412,Energy,Oil & Gas Production
EQX,Equinox Gold Corp. Common Shares,$6.66,0.16,2.462%,2853844119.00,Canada,,6718961,Basic Materials,Precious Metals
ERC,Allspring Multi-Sector Income Fund Common Stock,$9.255,0.015,0.162%,0.00,United States,2003,85040,Finance,Finance/Investors Services
ERH,Allspring Utilities and High Income Fund Common Shares,$10.72,0.17,1.611%,0.00,,2004,58802,Finance,Finance/Investors Services
ESP,Espey Mfg. & Electronics Corp. Common Stock,$26.00,-0.21,-0.801%,72715708.00,United States,1960,13408,Technology,Industrial Machinery/Components
EVBN,Evans Bancorp Inc. Common Stock,$40.14,-0.63,-1.545%,222144353.00,United States,,14582,Finance,Major Banks
EVI,EVI Industries Inc.  Common Stock,$17.58,-0.23,-1.291%,224244186.00,United States,1999,8142,Consumer Discretionary,Other Consumer Services
EVM,Eaton Vance California Municipal Bond Fund Common Shares of Beneficial Interest $.01 par value,$9.30,-0.058,-0.62%,0.00,United States,2002,22515,Finance,Finance/Investors Services
EVV,Eaton Vance Limited Duration Income Fund Common Shares of Beneficial Interest,$10.13,-0.03,-0.295%,0.00,United States,2003,280602,Finance,Finance/Investors Services
EXOD,Exodus Movement Inc. Class A Common Stock,$29.40,0.10,0.341%,790994476.00,,,70516,Finance,Finance: Consumer Services
FAX,abrdn Asia-Pacific Income Fund Inc. Common Stock,$15.83,-0.04,-0.252%,0.00,United States,1986,159846,Finance,Investment Managers
FCO,abrdn Global Income Fund Inc. Common Stock,$6.02,-0.04,-0.66%,0.00,United States,1992,42471,Finance,Investment Managers
FLYX,flyExclusive Inc. Class A Common Stock,$3.335,-0.015,-0.448%,260562169.00,,2023,5265,Consumer Discretionary,Transportation Services
FOXO,FOXO Technologies Inc. Class A Common Stock,$0.166,0.0114,7.374%,2901111.00,,2022,753940,Finance,Life Insurance
FRD,Friedman Industries Inc. Common Stock,$15.59,-0.20,-1.267%,108670656.00,United States,1975,6441,Industrials,Steel/Iron Ore
FSI,Flexible Solutions International Inc. Common Stock (CDA),$5.62,0.13,2.368%,70000090.00,Canada,2002,38166,Industrials,Major Chemicals
FSP,Franklin Street Properties Corp. Common Stock,$1.78,0.04,2.299%,184348753.00,United States,,350103,Real Estate,Real Estate Investment Trusts
FTF,Franklin Limited Duration Income Trust Common Shares of Beneficial Interest,$6.56,0.02,0.306%,265059253.00,United States,2003,244084,Finance,Finance/Investors Services
FURY,Fury Gold Mines Limited Common Shares,$0.395,-0.002,-0.504%,59825070.00,,2020,91988,Basic Materials,Precious Metals
GAU,Galiano Gold Inc.,$1.25,0.01,0.806%,321149308.00,Canada,,861578,Industrials,Mining & Quarrying of Nonmetallic Minerals (No Fuels)
GBR,New Concept Energy Inc Common Stock,$1.08,0.01,0.935%,5542489.00,United States,1993,9320,Energy,Oil & Gas Production
GENC,Gencor Industries Inc. Common Stock,$12.72,0.10,0.792%,186445969.00,United States,,54828,Industrials,Construction/Ag Equipment/Trucks
GGN,GAMCO Global Gold Natural Resources & Income Trust,$4.115,0.035,0.858%,0.00,United States,2005,338258,Finance,Finance/Investors Services
GGN^B,GAMCO Global Gold Natural Reources & Income Trust 5.00% Series B Cumulative 25.00 Liquidation Preference,$20.76,-0.12,-0.575%,,United States,,35617,,
GLDG,GoldMining Inc. Common Shares,$0.8235,-0.0014,-0.17%,155415355.00,,,319510,Basic Materials,Precious Metals
GLO,Clough Global Opportunities Fund Common Stock,$4.98,-0.01,-0.20%,0.00,United States,2006,302349,Finance,Finance/Investors Services
GLQ,Clough Global Equity Fund Clough Global Equity Fund Common Shares of Beneficial Interest,$6.49,0.00,0.00%,0.00,United States,2005,65024,Finance,Finance/Investors Services
GLU,Gabelli Global Utility Common Shares of Beneficial Ownership,$16.12,0.4106,2.614%,96218845.00,United States,2004,13058,Finance,Finance/Investors Services
GLU^A,The Gabelli Global Utility and Income Trust Series A Cumulative Puttable and Callable Preferred Shares,$46.20,0.00,0.00%,,United States,,674,,
GLU^B,The Gabelli Global Utility and Income Trust Series B Cumulative Puttable and Callable Preferred Shares,$50.70,0.00,0.00%,,United States,,5,,
GLV,Clough Global Dividend and Income Fund Common Shares of beneficial interest,$5.41,-0.01,-0.185%,68758844.00,United States,2004,19478,Finance,Finance/Investors Services
GNS,Genius Group Limited Ordinary Shares,$0.34,0.00,0.00%,30600000.00,Singapore,2022,1084754,Consumer Discretionary,Services-Misc. Amusement & Recreation
GORO,Gold Resource Corporation Common Stock,$0.5225,-0.0775,-12.917%,49807286.00,United States,,9983750,Basic Materials,Precious Metals
GPUS,Hyperscale Data Inc. Common Stock,$2.75,-0.04,-1.434%,5944766.00,United States,1997,22780,Technology,Industrial Machinery/Components
GPUS^D,Hyperscale Data Inc. 13.00% Series D Cumulative Redeemable Perpetual Preferred Stock,$9.75,0.00,0.00%,,United States,,11401,,
GRAF,Graf Global Corp. Class A ordinary shares,$10.18,0.00,0.00%,0.00,,2024,3702,,
GRF,Eagle Capital Growth Fund Inc. Common Stock,$10.12,0.30,3.055%,0.00,United States,,3969,Finance,Finance/Investors Services
GRFX,Graphex Group Limited American Depositary Shares each American Depositary Share representing 20 Ordinary Shares,$0.21,0.0015,0.719%,163263849.00,,2022,29286,Energy,Industrial Machinery/Components
GRO,Brazil Potash Corp. Common Shares,$2.55,0.03,1.19%,103499316.00,,2024,100651,Industrials,Mining & Quarrying of Nonmetallic Minerals (No Fuels)
GROY,Gold Royalty Corp. Common Shares,$1.39,0.00,0.00%,235009270.00,Canada,2021,423610,Basic Materials,Precious Metals
GTE,Gran Tierra Energy Inc. Common Stock,$4.65,0.10,2.198%,142989053.00,Canada,,256026,Energy,Oil & Gas Production
HCWC,Healthy Choice Wellness Corp. Class A Common Stock,$0.55,0.02,3.774%,5398662.00,,2024,135279,Consumer Staples,Food Chains
HNW,Pioneer Diversified High Income Fund Inc.,$11.98,0.05,0.419%,0.00,United States,2007,17080,Finance,Finance/Investors Services
HUSA,Houston American Energy Corporation Common Stock,$1.05,0.03,2.941%,16470860.00,United States,,219400,Energy,Oil & Gas Production
HWM^,Howmet Aerospace Inc. $3.75 Preferred Stock,$69.7411,0.00,0.00%,,United States,,179,,
HYLN,Hyliion Holdings Corp. Class A Common Stock,$1.48,0.04,2.778%,258733858.00,United States,2019,1045847,Consumer Discretionary,Construction/Ag Equipment/Trucks
IAF,abrdn Australia Equity Fund Inc. Common Stock,$4.08,-0.04,-0.971%,0.00,United States,1985,46376,Finance,Finance/Investors Services
IAUX,i-80 Gold Corp. Common Shares,$0.6345,-0.0591,-8.521%,244216972.00,Canada,2022,8003916,Basic Materials,Precious Metals
IBO,Impact BioMedical Inc. Common Stock,$0.93,-0.28,-23.14%,10698678.00,,2024,41997,Health Care,Biotechnology: Pharmaceutical Preparations
IDR,Idaho Strategic Resources Inc. Common Stock,$11.34,0.06,0.532%,154917316.00,,2022,135258,Basic Materials,Precious Metals
IE,Ivanhoe Electric Inc. Common Stock,$5.78,-0.06,-1.027%,695371073.00,Canada,2022,746356,Basic Materials,Metal Mining
IGC,IGC Pharma Inc. Common Stock,$0.3064,0.0017,0.558%,24415535.00,United States,,337937,Health Care,Biotechnology: Pharmaceutical Preparations
IHT,InnSuites Hospitality Trust Shares of Beneficial Interest,$2.65,0.005,0.189%,23223235.00,United States,1999,6375,Finance,Investment Bankers/Brokers/Service
IMO,Imperial Oil Limited Common Stock,$68.68,3.55,5.451%,35947318040.00,Canada,1929,689570,Energy,Integrated oil Companies
INDO,Indonesia Energy Corporation Limited Ordinary Shares,$2.60,-0.02,-0.763%,26527004.00,,2019,91816,Energy,Oil & Gas Production
INFU,InfuSystems Holdings Inc. Common Stock,$6.11,-0.14,-2.24%,129920578.00,United States,,193461,Health Care,Medical/Dental Instruments
INLX,Intellinetics Inc. Common Stock,$11.6947,-0.0053,-0.045%,49478007.00,,2022,2073,Technology,Computer Software: Prepackaged Software
INTT,inTest Corporation Common Stock,$7.79,-0.33,-4.064%,96397939.00,United States,1997,125378,Industrials,Electrical Products
INUV,Inuvo Inc.,$0.38,-0.0004,-0.105%,54262284.00,United States,,502245,Consumer Discretionary,Advertising
IOR,Income Opportunity Realty Investors Inc. Common Stock,$16.95,0.00,0.00%,68921717.00,United States,1987,243,Real Estate,Real Estate Investment Trusts
ITP,IT Tech Packaging Inc. Common Stock,$0.342,-0.014,-3.933%,3442545.00,China,,346813,Consumer Discretionary,Containers/Packaging
ITRG,Integra Resources Corp. Common Shares,$1.10,0.015,1.382%,185428883.00,,,215628,Basic Materials,Precious Metals
JOB,GEE Group Inc. Common Stock,$0.2206,-0.0044,-1.956%,24136562.00,United States,1968,270230,Consumer Discretionary,Diversified Commercial Services
KAPA,Kairos Pharma Ltd. Common Stock,$1.02,-0.02,-1.923%,13103721.00,,2024,91184,Health Care,Biotechnology: Pharmaceutical Preparations
KNW,Know Labs Inc. Common Stock,$2.24,0.03,1.357%,242139377.00,,,254534,Industrials,Industrial Machinery/Components
KULR,KULR Technology Group Inc. Common Stock,$1.23,0.06,5.128%,263500204.00,United States,,6590568,Technology,Electrical Products
LCTX,Lineage Cell Therapeutics Inc. Common Stock,$0.5253,-0.0047,-0.887%,99196273.00,United States,,853760,Health Care,Biotechnology: Biological Products (No Diagnostic Substances)
LEGT,Legato Merger Corp. III Ordinary Shares,$10.41,0.01,0.096%,0.00,,2024,49960,,
LEU,Centrus Energy Corp. Class A Common Stock,$79.81,0.09,0.113%,1338023908.00,United States,2014,570185,Industrials,Mining & Quarrying of Nonmetallic Minerals (No Fuels)
LGCY,Legacy Education Inc. Common Stock,$7.05,0.33,4.911%,87282927.00,,2024,51240,Real Estate,Other Consumer Services
LGL,LGL Group Inc. (The) Common Stock,$6.51,-0.26,-3.84%,34978588.00,United States,1946,344,Technology,Industrial Machinery/Components
LODE,Comstock Inc. Common Stock,$2.59,-0.05,-1.894%,61558027.00,United States,,642837,Industrials,Major Chemicals
LPA,Logistic Properties of the Americas Ordinary Shares,$9.64,0.20,2.119%,305681961.00,,2024,7386,Finance,Real Estate
LSF,Laird Superfood Inc. Common Stock,$5.76,0.24,4.348%,59325039.00,,2020,114333,Consumer Staples,Packaged Foods
LUD,Luda Technology Group Limited Ordinary Shares,$4.13,0.01,0.243%,0.00,,2025,37835,,
LXFR,Luxfer Holdings PLC Ordinary Shares,$12.14,0.04,0.331%,324648778.00,United Kingdom,2012,111706,Industrials,Major Chemicals
MAG,MAG Silver Corporation Ordinary Shares,$14.95,-0.09,-0.598%,1542505344.00,Canada,,554541,Basic Materials,Precious Metals
MAIA,MAIA Biotechnology Inc. Common Stock,$1.65,-0.07,-4.07%,41797914.00,,2022,112948,Health Care,Biotechnology: Pharmaceutical Preparations
MCRP,Micropolis Holding Company,$3.55,3.55,,0.00,,,654012,,
MGLD,The Marygold Companies Inc. Common Stock,$0.9855,0.0047,0.479%,41531120.00,,2022,21862,Finance,Finance: Consumer Services
MHH,Mastech Digital Inc Common Stock,$10.10,-0.01,-0.099%,118230327.00,United States,,9510,Consumer Discretionary,Professional Services
MI,NFT Limited Class A Ordinary Share,$2.0922,-0.0412,-1.931%,6464915.00,,2023,3629,Consumer Discretionary,Other Specialty Stores
MITQ,Moving iMage Technologies Inc. Common Stock,$0.5301,0.00,0.00%,5246320.00,United States,2021,22500,Consumer Discretionary,Industrial Machinery/Components
MLSS,Milestone Scientific Inc. Common Stock,$1.09,0.07,6.863%,84902370.00,United States,2015,151145,Health Care,Industrial Specialties
MMA,Mixed Martial Arts Group Limited Ordinary Shares,$0.80,0.19,31.148%,8226149.00,,2024,91297,Consumer Discretionary,Other Consumer Services
MPTI,M-tron Industries Inc. Common Stock,$44.71,0.51,1.154%,130158187.00,,2022,34820,Technology,Industrial Machinery/Components
MPU,Mega Matrix Inc. Class A Ordinary Shares,$0.6467,-0.0033,-0.508%,24931465.00,United States,1998,71154,Consumer Discretionary,Diversified Commercial Services
MRT,Marti Technologies Inc. Class A Ordinary Shares,$3.48,0.33,10.476%,198485607.00,,2021,40022,Consumer Discretionary,Rental/Leasing Companies
MSN,Emerson Radio Corporation Common Stock,$0.4392,0.0001,0.023%,9241933.00,United States,1994,14753,Consumer Staples,Consumer Electronics/Appliances
MTA,Metalla Royalty & Streaming Ltd. Common Shares,$2.73,-0.05,-1.799%,250714936.00,,,295004,Basic Materials,Precious Metals
MTNB,Matinas Biopharma Holdings Inc. Common Stock,$0.552,-0.014,-2.473%,2808016.00,United States,2017,20278,Health Care,Biotechnology: Pharmaceutical Preparations
MWG,Multi Ways Holdings Limited Ordinary Shares,$0.3031,0.0019,0.631%,9347604.00,,2023,5889,Consumer Discretionary,Miscellaneous manufacturing industries
MXC,Mexco Energy Corporation Common Stock,$9.99,0.21,2.147%,20439540.00,United States,2003,4446,Energy,Oil & Gas Production
MYND,Mynd.ai Inc. American Depositary Shares,$1.15,0.00,0.00%,52494949.00,,2017,11028,Real Estate,Other Consumer Services
MYO,Myomo Inc. Common Stock,$4.60,0.17,3.837%,139131002.00,United States,2017,370418,Health Care,Industrial Specialties
NAK,Northern Dynasty Minerals Ltd. Common Stock,$0.7323,-0.0018,-0.245%,393797460.00,Canada,,4354789,Basic Materials,Precious Metals
NBH,Neuberger Berman Municipal Fund Inc. Common Stock,$10.48,-0.09,-0.851%,0.00,United States,2002,81732,Finance,Finance/Investors Services
NBY,NovaBay Pharmaceuticals Inc. Common Stock,$0.60,0.0115,1.954%,2931416.00,United States,2007,59591,Health Care,Biotechnology: Pharmaceutical Preparations
NCL,Northann Corp. Common Stock,$0.201,-0.0028,-1.374%,6907244.00,,2023,302484,Industrials,Plastic Products
NEN,New England Realty Associates Limited Partnership Class A Depositary Receipts Evidencing Units of Limited Partnership,$77.01,0.00,0.00%,8897119.00,United States,,77,Real Estate,Building operators
NEWP,New Pacific Metals Corp. Common Shares,$1.08,-0.02,-1.818%,184965787.00,Canada,2021,217551,Basic Materials,Precious Metals
NFGC,New Found Gold Corp Common Shares,$1.74,-0.07,-3.867%,345978835.00,,2021,657423,Basic Materials,Precious Metals
NG,Novagold Resources Inc.,$3.57,0.23,6.886%,1194404858.00,Canada,2003,3428133,Basic Materials,Precious Metals
NGD,New Gold Inc.,$2.90,0.08,2.837%,2292740000.00,Canada,,23506428,Basic Materials,Metal Mining
NHC,National HealthCare Corporation Common Stock,$92.83,-1.10,-1.171%,1433783579.00,United States,1986,53173,Health Care,Hospital/Nursing Management
NHS,Neuberger Berman High Yield Strategies Fund,$7.93,0.04,0.507%,0.00,United States,,113262,Finance,Trusts Except Educational Religious and Charitable
NML,Neuberger Berman Energy Infrastructure and Income Fund Inc. Common Stock,$8.50,0.10,1.19%,0.00,United States,2013,133345,Finance,Finance/Investors Services
NNVC,NanoViricides Inc. Common Stock,$1.27,-0.05,-3.788%,19864070.00,United States,,250343,Health Care,Biotechnology: Pharmaceutical Preparations
NRO,Neuberger Berman Real Estate Securities Income Fund Inc.,$3.28,-0.01,-0.304%,0.00,United States,2003,254919,Finance,Finance/Investors Services
NRXS,Neuraxis Inc. Common Stock,$2.19,0.09,4.286%,15286697.00,,2023,23457,Health Care,Biotechnology: Electromedical & Electrotherapeutic Apparatus
NTIP,Network-1 Technologies Inc. Common Stock,$1.355,0.005,0.37%,31139622.00,United States,,5585,Miscellaneous,Multi-Sector Companies
OBE,Obsidian Energy Ltd. Common Shares,$5.06,0.15,3.055%,380785321.00,Canada,2022,437199,Energy,Oil & Gas Production
OGEN,Oragenics Inc. Common Stock,$0.284,0.0067,2.416%,3468401.00,United States,,484655,Health Care,Biotechnology: Pharmaceutical Preparations
OPHC,OptimumBank Holdings Inc. Common Stock,$4.35,0.07,1.636%,51117207.00,United States,,18607,Finance,Major Banks
OPP^C,RiverNorth/DoubleLine Strategic Opportunity Fund Inc. 6.00% Series C Term Preferred Stock (Liquidation Preference $10.00 per share),$10.1501,0.00,0.00%,,United States,,13,,
OPTT,Ocean Power Technologies Inc. Common Stock,$0.5012,-0.004,-0.792%,73194606.00,United States,2007,3726089,Utilities,Electric Utilities: Central
ORLA,Orla Mining Ltd. Common Shares,$7.54,0.25,3.429%,2414721871.00,,2020,882225,Basic Materials,Precious Metals
OSTX,OS Therapies Incorporated Common Stock,$1.60,-0.08,-4.762%,33981405.00,,2024,244029,Health Care,Biotechnology: Pharmaceutical Preparations
OZ,Belpointe PREP LLC Class A Units,$73.00,5.29,7.813%,273537789.00,,,20529,Real Estate,Real Estate Investment Trusts
PAPL,Pineapple Financial Inc. Common Stock,$0.37,0.01,2.778%,3258967.00,,2023,50524,Finance,Finance: Consumer Services
PCG^A,Pacific Gas & Electric Co. 6% Preferred Stock,$22.86,-0.2601,-1.125%,,United States,,6491,,
PCG^B,Pacific Gas & Electric Co. 5 1/2% Preferred Stock,$20.395,0.175,0.865%,,United States,,156,,
PCG^C,Pacific Gas & Electric Co. 5% 1st Preferred Stock,$19.0471,0.00,0.00%,,United States,,67,,
PCG^D,Pacific Gas & Electric Co. 5% 1st  Red. Preferred Stock,$18.1498,0.1498,0.832%,,United States,,831,,
PCG^E,Pacific Gas & Electric Co. 5% 1st A Preferred Stock,$18.00,-0.2189,-1.201%,,United States,,202,,
PCG^G,Pacific Gas & Electric Co. 4.80% 1st Preferred Stock,$17.8119,0.00,0.00%,,United States,,1,,
PCG^H,Pacific Gas & Electric Co. 4.50% 1st Preferred Stock,$16.775,-0.255,-1.497%,,United States,,1686,,
PED,Pedevco Corp. Common Stock,$0.701,-0.004,-0.567%,62736182.00,United States,,29960,Energy,Oil & Gas Production
PHGE,BiomX Inc. COmmon Stock,$0.599,-0.0313,-4.966%,10887785.00,,2019,80122,Health Care,Biotechnology: Biological Products (No Diagnostic Substances)
PLAG,Planet Green Holdings Corp. Common Stock,$2.10,0.16,8.247%,15293699.00,China,,27221,Consumer Staples,Packaged Foods
PLG,Platinum Group Metals Ltd. Ordinary Shares (Canada),$1.21,-0.01,-0.82%,124251931.00,Canada,,270254,Basic Materials,Precious Metals
PLX,Protalix BioTherapeutics Inc. (DE) Common Stock,$2.34,-0.03,-1.266%,172302584.00,Israel,,467852,Health Care,Biotechnology: Biological Products (No Diagnostic Substances)
PMNT,Perfect Moment Ltd. Common Stock,$1.05,0.0638,6.469%,17739488.00,United Kingdom,2024,185986,,
PRK,Park National Corporation Common Stock,$157.74,-1.37,-0.861%,2548917821.00,United States,1994,57230,Finance,Major Banks
PTN,Palatin Technologies Inc. Common Stock,$0.785,-0.0387,-4.698%,20414589.00,United States,1999,369844,Health Care,Biotechnology: Pharmaceutical Preparations
PW,Power REIT (MD) Common Stock,$1.13,0.08,7.619%,3830317.00,United States,1998,50701,Real Estate,Real Estate Investment Trusts
PW^A,Power REIT 7.75% Series A Cumulative Perpetual Preferred Stock,$6.40,-1.07,-14.324%,,United States,,10023,,
PZG,Paramount Gold Nevada Corp. Common Stock,$0.3701,-0.0012,-0.323%,25019755.00,United States,2015,105066,Basic Materials,Metal Mining
RCG,RENN Fund Inc Common Stock,$2.57,0.05,1.984%,0.00,United States,,4728,Finance,Investment Managers
REI,Ring Energy Inc. Common Stock,$1.09,-0.03,-2.679%,217951527.00,United States,,3945543,Energy,Oil & Gas Production
REPX,Riley Exploration Permian Inc. Common Stock,$28.28,-0.15,-0.528%,608170959.00,United States,1999,87689,Energy,Oil & Gas Production
RLGT,Radiant Logistics Inc. Common Stock,$6.78,-0.02,-0.294%,318717786.00,United States,,106037,Consumer Discretionary,Oil Refining/Marketing
ROLR,High Roller Technologies Inc. Common Stock,$3.2001,-0.3099,-8.829%,26455547.00,,2024,25319,Consumer Discretionary,Services-Misc. Amusement & Recreation
RVP,Retractable Technologies Inc. Common Stock,$0.7581,0.0211,2.863%,22695360.00,United States,2001,9375,Health Care,Medical/Dental Instruments
RYDE,Ryde Group Ltd. Class A Ordinary Shares,$0.3386,-0.0112,-3.202%,6562837.00,,2024,52894,Consumer Discretionary,Business Services
SACH,Sachem Capital Corp. Common Shares,$1.33,0.19,16.667%,66453857.00,United States,2017,786480,Real Estate,Real Estate Investment Trusts
SACH^A,Sachem Capital Corp. 7.75% Series A Cumulative Redeemable Preferred Stock,$16.55,-0.35,-2.071%,,United States,,9197,,
SATX,SatixFy Communications Ltd. Ordinary Share,$1.13,-0.0033,-0.291%,93919038.00,,2022,46038,Technology,Radio And Television Broadcasting And Communications Equipment
SBEV,Splash Beverage Group Inc. (NV) Common Stock,$0.1506,0.007,4.875%,9293679.00,,2021,419279,Consumer Staples,Beverages (Production/Distribution)
SCCC,Sachem Capital Corp. 7.75% Notes due 2025,$24.7693,-0.1794,-0.719%,1237605654.00,United States,2020,7612,Real Estate,Real Estate Investment Trusts
SCCD,Sachem Capital Corp. 6.00% Notes due 2026,$20.6679,-0.0021,-0.01%,1032677948.00,United States,,10547,Real Estate,Real Estate Investment Trusts
SCCE,Sachem Capital Corp. 6.00% Notes due 2027,$19.90,-0.09,-0.45%,994309589.00,United States,2022,3130,Real Estate,Real Estate Investment Trusts
SCCF,Sachem Capital Corp. 7.125% Notes due 2027,$19.75,-0.0213,-0.108%,986814794.00,United States,2022,6543,Real Estate,Real Estate Investment Trusts
SCCG,Sachem Capital Corp. 8.00% Notes due 2027,$21.34,0.015,0.07%,1066259630.00,United States,2022,6408,Real Estate,Real Estate Investment Trusts
SCPX,Scorpius Holdings Inc. Common Stock,$0.166,-0.0006,-0.36%,40407.00,United States,,1130543,Health Care,Biotechnology: Pharmaceutical Preparations
SEB,Seaboard Corporation Common Stock,$2976.63,242.39,8.865%,2890471445.00,United States,1996,3185,Industrials,Farming/Seeds/Milling
SEG,Seaport Entertainment Group Inc. Common Stock,$22.70,-0.43,-1.859%,288406292.00,United States,2024,115735,Consumer Discretionary,Services-Misc. Amusement & Recreation
SENS,Senseonics Holdings Inc. Common Stock,$0.6465,0.0323,5.259%,421421564.00,United States,,11511054,Industrials,Industrial Machinery/Components
SER,Serina Therapeutics Inc. Common Stock,$4.80,0.10,2.128%,42681485.00,,2018,6064,Health Care,Biotechnology: Pharmaceutical Preparations
SGN,Signing Day Sports Inc. Common Stock,$0.893,0.043,5.059%,514970.00,,2023,131895,Technology,EDP Services
SIF,SIFCO Industries Inc. Common Stock,$2.95,-0.01,-0.338%,18133682.00,United States,1969,1194,Industrials,Aerospace
SIM,Grupo Simec S.A.B. de C.V. American Depositary Shares,$26.57,0.67,2.587%,4084174019.00,Mexico,1998,22729,Industrials,Steel/Iron Ore
SLI,Standard Lithium Ltd. Common Shares,$1.31,0.02,1.55%,241802319.00,Canada,2021,1471306,Industrials,Major Chemicals
SLND,Southland Holdings Inc. Common Stock,$3.26,-0.18,-5.233%,175997845.00,United States,,58909,Industrials,Military/Government/Technical
SLSR,Solaris Resources Inc. Common Shares,$3.31,-0.05,-1.488%,537025631.00,,2024,32562,,
SOAR,Volato Group Inc. Class A Common Stock,$1.80,-0.04,-2.174%,3318935.00,,2022,109860,Consumer Discretionary,Transportation Services
SSY,SunLink Health Systems Inc. Common Stock,$0.9744,-0.0356,-3.525%,6860364.00,United States,1996,1221,Health Care,Hospital/Nursing Management
STRW,Strawberry Fields REIT Inc. Common Stock,$12.22,0.18,1.495%,91418003.00,,2023,59671,Real Estate,Real Estate Investment Trusts
STXS,Stereotaxis Inc. Common Stock,$1.87,0.06,3.315%,158444178.00,United States,,393905,Health Care,Biotechnology: Electromedical & Electrotherapeutic Apparatus
SVM,Silvercorp Metals Inc. Common Shares,$3.86,0.00,0.00%,835659888.00,Canada,,6458518,Basic Materials,Precious Metals
SVT,Servotronics Inc. Common Stock,$11.00,0.00,0.00%,28096596.00,United States,1970,12,Consumer Discretionary,Industrial Machinery/Components
SYNX,Silynxcom Ltd. Ordinary Shares,$3.7635,-0.0355,-0.934%,19758375.00,,2024,3280,Consumer Staples,Consumer Electronics/Appliances
TGB,Taseko Mines Ltd. Common Stock,$2.09,-0.01,-0.476%,627411730.00,Canada,,14793775,Basic Materials,Precious Metals
THM,International Tower Hill Mines Ltd. Ordinary Shares (Canada),$0.619,0.0407,7.038%,123610241.00,Canada,,560740,Basic Materials,Metal Mining
TIC,Acuren Corporation Common Stock,$12.11,0.11,0.917%,1471076964.00,,2025,33688,,
TMP,Tompkins Financial Corporation Common Stock,$65.65,-0.24,-0.364%,947622365.00,United States,1997,39862,Finance,Major Banks
TMQ,Trilogy Metals Inc. Common Stock,$1.28,-0.06,-4.478%,209844717.00,Canada,,125605,Basic Materials,Precious Metals
TOON,Kartoon Studios Inc. Common Stock,$0.633,-0.044,-6.499%,25047105.00,United States,,165468,Consumer Discretionary,Movies/Entertainment
TOPP,Toppoint Holdings Inc. Common Stock,$1.95,-0.01,-0.51%,34125000.00,,2025,7319,Industrials,Trucking Freight/Courier Services
TOPS,TOP Ships Inc. Common Stock,$6.05,0.04,0.666%,27988492.00,Greece,,5987,Consumer Discretionary,Marine Transportation
TOVX,Theriva Biologics Inc. Common Stock,$1.3502,-0.0598,-4.241%,3756863.00,United States,,38194,Health Care,Biotechnology: Pharmaceutical Preparations
TPET,Trio Petroleum Corp. Common Stock,$1.33,-0.02,-1.481%,8945184.00,,2023,141857,Energy,Oil & Gas Production
TRT,Trio-Tech International Common Stock,$6.10,0.01,0.164%,25934486.00,United States,1998,3170,Technology,Industrial Machinery/Components
TRX,TRX Gold Corporation Common Stock,$0.3095,0.0055,1.809%,86879730.00,Canada,,516936,Basic Materials,Precious Metals
UAMY,United States Antimony Corporation Common Stock,$1.44,0.03,2.128%,156152137.00,United States,,1539523,Industrials,Metal Fabrications
UAVS,AgEagle Aerial Systems Inc. Common Stock,$1.33,0.03,2.308%,6275350.00,United States,,210387,Industrials,Aerospace
UEC,Uranium Energy Corp. Common Stock,$4.99,-0.09,-1.772%,2111209694.00,Canada,,8928221,Basic Materials,Other Metals and Minerals
UMAC,Unusual Machines Inc. Common Stock,$6.17,0.44,7.679%,51213962.00,United States,2024,1176983,Technology,Radio And Television Broadcasting And Communications Equipment
URG,Ur Energy Inc Common Shares (Canada),$0.83,-0.0286,-3.331%,302203862.00,Canada,,4845602,Basic Materials,Precious Metals
USAS,Americas Gold and Silver Corporation Common Shares no par value,$0.5003,0.0003,0.06%,125585271.00,Canada,2017,1189763,Basic Materials,Metal Mining
UTG,Reaves Utility Income Fund Common Shares of Beneficial Interest,$31.53,0.45,1.448%,0.00,United States,2004,415377,Finance,Investment Managers
UUU,Universal Security Instruments Inc. Common Stock,$1.735,0.015,0.872%,4012859.00,United States,2003,14344,Technology,Electronic Components
UUUU,Energy Fuels Inc Ordinary Shares (Canada),$4.07,-0.12,-2.864%,670242537.00,Canada,,5600548,Industrials,Mining & Quarrying of Nonmetallic Minerals (No Fuels)
VENU,Venu Holding Corporation Common Stock,$9.74,0.16,1.67%,364901045.00,,2024,12071,Consumer Discretionary,Services-Misc. Amusement & Recreation
VFL,abrdn National Municipal Income Fund Common Stock,$10.51,-0.14,-1.315%,0.00,United States,1993,19789,Finance,Finance/Investors Services
VGZ,Vista Gold Corp Common Stock,$0.728,-0.0172,-2.308%,90091464.00,United States,1986,384926,Basic Materials,Precious Metals
VINE,Fresh Vine Wine Inc. Common Stock,$0.5297,0.038,7.728%,8462607.00,,2021,218448,Consumer Staples,Beverages (Production/Distribution)
VKI,Invesco Advantage Municipal Income Trust II Common Shares of Beneficial Interest (DE),$8.82,-0.06,-0.676%,391661096.00,United States,1993,113632,Finance,Finance Companies
VNRX,VolitionRX Limited Common Stock,$0.605,-0.0058,-0.95%,56062211.00,Singapore,2015,60973,Health Care,Biotechnology: In Vitro & In Vivo Diagnostic Substances
VTAK,Catheter Precision Inc. Common Stock,$0.32,-0.013,-3.904%,2561483.00,,2018,85548,Health Care,Medical/Dental Instruments
VZLA,Vizsla Silver Corp. Common Shares,$2.07,0.03,1.471%,589651941.00,Canada,2024,2110279,Basic Materials,Precious Metals
WRN,Western Copper and Gold Corporation Common Stock,$1.02,0.01,0.99%,202183569.00,Canada,2011,397024,Basic Materials,Metal Mining
WWR,Westwater Resources Inc. Common Stock,$0.6257,-0.0396,-5.952%,39110657.00,United States,,659879,Basic Materials,Metal Mining
WYY,WidePoint Corporation Common Stock,$3.72,0.22,6.286%,36462205.00,United States,,41209,Technology,EDP Services
XPL,Solitario Resources Corp. Common Stock,$0.6451,-0.0029,-0.448%,52535923.00,United States,,33041,Basic Materials,Precious Metals
XTNT,Xtant Medical Holdings Inc. Common Stock,$0.4612,-0.0212,-4.395%,64110700.00,United States,,23592,Health Care,Biotechnology: Biological Products (No Diagnostic Substances)
YCBD,cbdMD Inc. Common Stock,$0.3657,0.003,0.827%,2290318.00,United States,2017,97266,Consumer Discretionary,Package Goods/Cosmetics
YCBD^A,cbdMD Inc. 8.0% Series A Cumulative Convertible Preferred Stock,$1.39,0.02,1.46%,,United States,,1050,,
ZDGE,Zedge Inc. Class B Common Stock ,$2.18,-0.10,-4.386%,30832908.00,,2016,27090,Technology,Computer Software: Prepackaged Software
ZONE,CleanCore Solutions Inc. Class B Common Stock,$1.15,-0.012,-1.033%,9625211.00,,2024,30655,Industrials,Industrial Machinery/Components
